1,lor peyniri
2,maden suyu
3,soda
4,çikolata sosu
5,krema
6,gıda boyası
7,mısır nişastası
8,simit
9,mantı
10,domates püresi
11,maya
12,mercimek
13,puding
14,jöle
15,karnabahar
16,tavuk kanat
17,milföy hamuru
18,pasta kreması
19,nescafe
20,vanilin
21,kahve
22,karbonat
23,beyaz peynir
24,antep fıstığı
25,limon suyu
26,ton balığı
27,soya sosu
28,pul biber
29,helva
30,üzüm yaprağı
31,lahana
32,piliç
33,tavuk ciğeri
34,ekmek
35,kereviz
36,brokoli
37,somon
38,garnitür
39,toz şeker
40,baharat
41,ketçap
42,sosis
43,haşhaş tohumu
44,tavuk bulyon
45,çay
46,isot
47,pekmez
48,limon kabuğu
49,portakal
50,salam
51,mısır
52,siyah zeytin
53,köfte
54,köfte harcı
55,lokum
56,halley
57,yumurta akı
58,şerbet
59,erişte
60,salatalık turşusu
61,mahlep
62,salatalık
63,yeşil soğan
64,ciğer
65,çilek reçeli
66,vişne kompostosu
67,sivri biber
68,bamya
69,yumurta sarısı
70,lavaş
71,böğürtlen
72,kayısı reçeli
73,bezelye
74,toz biber
75,damla çikolata
76,kakaolu krem şanti
77,biftek
78,but
79,arpa şehriye
80,buğday nişastası
81,közlenmiş biber
82,limonata
83,dondurma
84,acı biber
85,kişniş
86,çarliston biber
87,çörek otu
88,yeşil mercimek
89,mürdüm eriği
90,tarhana
91,ev tarhanası
92,enginar
93,bayat ekmek
94,çilek şurubu
95,portakal kabuğu
96,jambon
97,yağ
98,portakal suyu
99,ayran
100,armut
101,kuzu eti
102,pirzola
103,nuar
104,brüksel lahanası
105,hindi
106,badem
107,kaburga eti
108,hardal
109,defne
110,et suyu
111,biberiye
112,domates suyu
113,yenibahar
114,çam fıstığı
115,üzüm
116,dolmalık biber
117,yaprak
118,işkembe
119,bakla
120,tel şehriye
121,barbunya
122,nar
123,tavuk eti
124,kuşkonmaz
125,kemik suyu
126,kepek
127,yulaf
128,fındık ezmesi
129,bıldırcın
130,elma sirkesi
131,ahududu
132,karides
133,ançuez
134,krem peynir
135,sarımsaklı yoğurt
136,köfte baharatı
137,reyhan
138,sumak
139,turp
140,kornişon
141,biber turşusu
142,sandviç ekmeği
143,füme dil
144,yulaf ezmesi
145,kaya tuzu
146,hurma
147,havyar
148,gül suyu
149,jelatin
150,çökelek
151,kuşbaşı
152,muskat
153,mascarpone
154,bal kabağı
155,kuru tarhana
156,turşu
157,sarelle
158,kuru incir
159,kuru kayısı
160,şeftali
161,mısır gevreği
162,mısır konservesi
163,krokan
164,et bulyon
165,kaymak
166,yeşil zeytin
167,fındık kırığı
168,bitter çikolata
169,damla sakızı
170,kırma zeytin
171,kırmızı pancar
172,çekilmiş fındık
173,kemikli et
174,bulyon
175,turp otu
176,zencefil
177,haşlanmış patates
178,toz jelatin
179,şeker hamuru
180,balık eti
181,istavrit
182,frambuaz
183,instant maya
184,köri
185,pilavlık bulgur
186,pasta süsü
187,süsleme şekeri
188,bonibon
189,dana ciğeri
190,tarçınlı bisküvi
191,börülce
192,haşhaş ezmesi
193,kuru börülce
194,tavuk pirzola
195,pancar
196,roka
197,kuzu kuşbaşı
198,baldo pirinç
199,granül kahve
200,ince bulgur
201,türk kahvesi
202,rulokat
203,toz fıstık
204,sürk
205,vanilyalı puding
206,bebe bisküvisi
207,vişne suyu
208,közlenmiş patlıcan
209,kızılcık
210,üzüm sirkesi
211,semizotu
212,haşlanmış mısır
213,Damla Çikolatalı Bisküvi
214,ev yoğurdu
215,sarı leblebi
216,zahter
217,sütlü çikolata
218,kangal sucuk
219,tavuk baget
220,kurutulmuş biber
221,kuzu pirzola
222,ekmek kadayıfı
223,yer fıstığı
224,kuru domates
225,katmer
226,rubbeni
227,gül şurubu
228,kıvırcık
229,kızarmış ekmek
230,kereviz sapı
231,bonfile
232,levrek
233,pide
234,melki
235,dana jambon
236,pizza hamuru
237,pizza sosu
238,dana kıyma
239,buğday unu
240,ısırgan
241,kuskus
242,süt kreması
243,tavuk kıyması
244,zeytin ezmesi
245,toz krem şanti
246,top kek
247,meyve suyu
248,yağlı kıyma
249,acı pul biber
250,yağsız kıyma
251,dip sos
252,spagetti
253,konserve bezelye
254,sebze bulyon
255,nesquik
256,kuru fesleğen
257,sebze suyu
258,kakaolu puding
259,ayçiçeği yağı
260,midye şehriye
261,sebzeli tuz
262,toz badem
263,köy yufkası
264,sac yufkası
265,haylayf bisküvi
266,burçak bisküvi
267,votka
268,pasta jölesi
269,fanta
270,fındıklı çikolata
271,çokokrem
272,tuzsuz krem peynir
273,yeşil sivri biber
274,çiçek bamya
275,bostan patlıcanı
276,lutenitsa
277,kültür mantarı
278,çinekop
279,yulaflı bisküvi
280,kuzu bonfile
281,kedidili bisküvi
282,mandalina
283,göğüs eti
284,akdeniz yeşillikleri
285,tavuk but
286,kırmızı havuç
287,çipura
288,girit kabağı
289,patates cipsi
290,kırmızı pul biber
291,meyve
292,muzlu puding
293,kuzu kaburga
294,nutella
295,meyveli sos
296,kiraz
297,beyaz çikolata
298,kesme şeker
299,hoşaf
300,elma kompostosu
301,küp şeker
302,karamel sos
303,ramazan pidesi
304,zerdeçal
305,karadut
306,vişne reçeli
307,bademli puding
308,güllaç yaprağı
309,dövülmüş ceviz
310,dövme
311,frenk üzümü
312,közlenmiş kırmızı biber
313,lazanya
314,tuzot
315,hamburger ekmeği
316,zeytin dilimi
317,su böreği yufkası
318,kornişon turşusu
319,tavuk göğüs
320,tel kadayıf
321,antep peyniri
322,küzbara
323,şumra
324,bazlama
325,kuru patlıcan
326,kısırlık bulgur
327,acı sivri biber
328,ay çekirdeği
329,gofret
330,leblebi
331,kuş lokumu
332,greyfurt
333,dana biftek
334,kuyruk yağı
335,kırmızı turp
336,esmer şeker
337,gazoz
338,kuru reyhan
339,beyaz lahana
340,tart jöle
341,tuzsuz etimek
342,çekilmiş ceviz
343,granül şeker
344,tavuk kuşbaşı
345,harnup pekmezi
346,keten tohumu
347,meksika fasulyesi
348,köftelik bulgur
349,çikolatalı puding
350,konserve mantar
351,bütün tavuk
352,karabuğday unu
353,creme ole
354,kurutulmuş yeşil fasulye
355,safran
356,acur
357,salep
358,ekşimik
359,meyve şekerlemesi
360,glazür
361,renkli şekerleme
362,ıhlamur
363,sarımsak tozu
364,tavuk bonfile
365,acı biber salçası
366,maracuja suyu
367,süt reçeli
368,çilekli puding
369,yaban mersini
370,toz maya
371,sade tahin helvası
372,tırnak pide
373,çeri domates
374,kuru yufka
375,dana bonfile
376,hazır kahve
377,tahin helvası
378,aşurelik buğday
379,şalgam suyu
380,taze bakla
381,minzi
382,maş fasulyesi
383,kapya biber
384,iri bulgur
385,tatlı kırmızı biber
386,ekşi maya
387,poy
388,hazır pandispanya
389,nugget
390,çikolatalı gofret
391,pişmaniye
392,sucuk baharatı
393,tuzsuz peynir
394,draje
395,tam buğday unu
396,yoğurt suyu
397,beyaz un
398,taze nane
399,köy biberi
400,kakaolu pandispanya
401,sumak ekşisi
402,cips
403,kuvertür çikolata
404,künefe peyniri
405,tuzsuz beyaz peynir
406,dolgu kreması
407,lübnan ekmeği
408,mısır şurubu
409,göbek marul
410,çikolata draje
411,hellim peyniri
412,esmer bulgur
413,havuç turşusu
414,yeşillik
415,çeçil peyniri
416,jel
417,probiyotik yoğurt
418,pandispanya
419,tilapia balığı
420,lohusa şekeri
421,ekmek kırıntısı
422,ekşi elma
423,kuşburnu
424,istiridye mantarı
425,kırmızı soğan
426,sade dondurma
427,kuru barbunya
428,kırık pirinç
429,midye
430,kuru meyve
431,glutensiz un
432,buz
433,mavi haşhaş
434,vanilyalı dondurma
435,çikolatalı sos
436,limon aroması
437,rulo gofret
438,petibör bisküvi
439,marzipan
440,ıspanak kökü
441,dana nuar
442,kelebek makarna
443,karpuz
444,çubuk makarna
445,antep fıstıklı draje
446,çubuk tarçın
447,somon füme
448,pınar labne
449,vanilya özütü
450,labne
451,kaliforniya biberi
452,kuzu kıyma
453,avokado
454,nero
455,sızma zeytinyağı
456,sade soda
457,nane yaprağı
458,haşlanmış nohut
459,hindi göğsü
460,ekmek sodası
461,karabuğday
462,çekirdek içi
463,kakaolu bisküvi
464,natron
465,tam yağlı süt
466,kağıt helva
467,fıstık ezmesi
468,ceviz kırığı
469,tablet çikolata
470,jelibon
471,taze bamya
472,orman meyveli krem şanti
473,fasulye
474,kavrulmuş fındık
475,kesme makarna
476,sodyum bikarbonat
477,malatya tarhanası
478,sebzeli çeşni
479,vişneli jöle
480,vanilya çubuğu
481,kahverengi şeker
482,mor reyhan
483,tavuk biftek
484,eritilmiş çikolata
485,acı kırmızı biber
486,mavi gıda boyası
487,yağlı peynir
488,kuzu böbrek
489,kırmızı et
490,badem unu
491,cep sodası
492,eti form
493,muzlu jöle
494,ekşi krema
495,kitkat
496,çiğ badem
497,kişniş tohumu
498,çeşni
499,çekirdek
500,çikolata kalpler
501,iceberg marul
502,taze barbunya
503,metro çikolata
504,kakaolu fındık kreması
505,damla sakızlı creme ole
506,kakaolu top kek
507,barbun balığı
508,kepekli spagetti
509,anjelika erik
510,bitter çikolata sosu
511,keçiboynuzu pekmezi
512,buğday ruşeymi
513,ev salçası
514,çilekli creme ole
515,fındık draje
516,çiçek şehriye
517,pizza baharatı
518,filtre kahve
519,kefir mayası
520,acı kırmızı toz biber
521,madlen çikolata
522,sade krem şanti
523,zerdeçal tozu
524,toz zencefil
525,haşlanmış bezelye
526,antep fıstıklı puding
527,tortilla
528,cin biber
529,baklavalık yufka
530,yulaf kepeği
531,bitter kuvertür çikolata
532,damla sakızlı vanilin
533,yıldız şehriye
534,antrikot
535,frenk soğanı
536,çıtır pane harcı
537,kuru nohut
538,ovaleks
539,koç mantarı
540,mısır cipsi
541,fasulye turşusu
542,leblebi tozu
543,göce
544,çiğ krema
545,mor soğan
546,boza
547,muzlu creme ole
548,kuşbaşı tavuk
549,ıspanak püresi
550,midye makarna
551,yassı makarna
552,kabuk tarçın
553,jumbo karides
554,file badem
555,sarı gıda boyası
556,toz puding
557,cennet hurması
558,çavdar ekmeği
559,balzamik sirke
560,coco pops
561,acuka
562,kuru maydanoz
563,japon makarnası
564,renkli biber
565,mango
566,beyaz damla çikolata
567,jalapeno turşusu
568,trabzon hurması
569,sivri yeşil biber
570,ahtapot
571,kemer patlıcanı
572,az yağlı kıyma
573,kakaolu petibör bisküvi
574,yassı spagetti
575,pasta tabanı
576,yemek sodası
577,acı sos
578,somon fileto
579,üçgen peynir
580,çubuk kraker
581,kuru sarımsak
582,helvalık peynir
583,siyah havuç
584,siyah haşhaş
585,etsiz kemik
586,kereviz yaprağı
587,granül çikolata
588,şeffaf şeker
589,çiğ köftelik bulgur
590,yağlı beyaz peynir
591,bitter çikolatalı puding
592,kemiksiz but
593,sade bisküvi
594,mahlepli kabartma tozu
595,şekerleme
596,soya tofu
597,toz antep fıstığı
598,saklıbahçe bisküvi
599,süzme bal
600,mumbar
601,tane karabiber
602,marshmallow
603,teremyağ
604,kuru bamya
605,şeftali suyu
606,çikolatalı creme ole
607,salamura zeytin
608,lüfer
609,ev yufkası
610,kayısı çekirdeği
611,üçgen yufka
612,orta yağlı kıyma
613,krema sertleştirici
614,antep fıstıklı çikolata
615,trabzon peyniri
616,pancar turşusu
617,beyaz turp
618,badem ezmesi
619,pirpirim
620,ajvar sos
621,urfa peyniri
622,sarı haşhaş
623,antakya peyniri
624,damla sakızlı falım
625,piknik bisküvi
626,kayseri mantısı
627,nohut unu
628,parça çikolata
629,pirzolalık yağsız et
630,kırmızı gıda boyası
631,mihaliç loru
632,paprika
633,vişne hoşafı
634,kiraz hoşafı
635,renkli drajeler
636,fiyonk makarna
637,kepekli buğday unu
638,dövme tarhana
639,keçiboynuzu
640,kefir
641,konserve domates
642,vişne konservesi
643,fildişi kuvertür
644,leblebi unu
645,menemen konservesi
646,kefal
647,karanfil tozu
648,taze fesleğen
649,cappuccino
650,sebzeli makarna
651,coco star
652,corn flakes
653,yeşil sarımsak
654,maraş tarhanası
655,kinzi
656,dream ole
657,burgu makarna
658,köftelik kıyma
659,yaprak jelatin
660,falım sakız
661,papatya ekmek
662,elbistan peyniri
663,çilek aromalı jöle
664,orman meyveli sos
665,teremyağ gurme kaymaklı
666,dankek
667,irmik altı unu
668,kakaolu pasta tabanı
669,kivili jöle
670,tavuk kalça
671,yulaf unu
672,jalapeno biberi
673,penne makarna
674,hindistan cevizi tozu
675,meyve hoşafı
676,kömbe baharatı
677,küncü
678,frambuaz sosu
679,çilek aromalı jel
680,boncuk makarna
681,pöç
682,kinoa
683,tuzsuz fıstık
684,yeşil çarliston biber
685,çiğ köfte baharatı
686,pilavlık pirinç
687,albeni çikolata
688,light süt
689,çavdar unu
690,kaju
691,bitter glazür
692,espresso
693,yağsız et
694,tarhun
695,renkli glazür
696,tam buğday ekmeği
697,sarımsaklı çeşni
698,meyveli jöle
699,melevcen
700,dana antrikot
701,düşük proteinli un
702,sade pandispanya
703,light peynir
704,dut kurusu
705,yağsız peynir
706,kakaolu pasta kreması
707,yaş kadayıf
708,yeşil köy biberi
709,kayısı marmelatı
710,bitkisel yağ
711,shiitake mantarı
712,tagliatelle
713,beyaz dut
714,konserve mandalina
715,tuzsuz tereyağı
716,muzlu süt
717,tüylü acur
718,arpa
719,taze reyhan
720,kemalpaşa tatlısı
721,çengelköy salatalık
722,çiğ kadayıf
723,kuru karanfil
724,nektarin
725,limonlu bisküvi
726,tuzsuz badem
727,topan patlıcan
728,çikolatalı cips
729,yarım yağlı süt
730,kömbe
731,topak patlıcan
732,oreo
733,beş türlü baharat
734,dibek kahvesi
735,un tarhanası
736,çay keyfi bisküvi
737,kontrfile
738,feta peyniri
739,pilavlık fıstık
740,yedi türlü baharat
741,sebze kurusu
742,tavuk çeşnisi
743,beyaz haşhaş
744,cannelloni makarna
745,frambuaz jeli
746,midye içi
747,cake pops
748,yıldızlı draje
749,dana kuyruğu eti
750,taze kişniş
751,rokfor peyniri
752,kumpirlik patates
753,jasmine pirinç
754,chilli sos
755,pilavlık badem
756,arjantin şekeri
757,bourbon vanilya tozu
758,sebze tozu
759,sarı kapya biber
760,yeşil kapya biber
761,orta yağlı dana kıyma
762,kahvaltılık çikolata
763,mozzarella
764,kakaolu tahin helvası
765,nescafe kreması
766,kahvaltılık sos
767,kanlıca mantarı
768,hazır kakaolu kek
769,karanfil suyu
770,light yoğurt
771,malatya kayısısı
772,konserve barbunya
773,tuzsuz çökelek
774,sarımsaklı mayonez
775,tuzlu yoğurt
776,hoşaflık üzüm
777,laktozsuz süt
778,arapsaçı otu
779,kabak çekirdeği
780,ince esmer bulgur
781,muhlamalık peynir
782,top biber
783,cheddar peyniri
784,pirinç sirkesi
785,hamburger peyniri
786,ıspanak yaprağı
787,kurutulmuş ekmek
788,kakaolu gofret
789,şevketibostan
790,tuzsuz künefelik peynir
791,raffaello çikolata
792,tatlı biber salçası
793,urfa biberi
794,konfitür
795,kuru papatya
796,tavuk ızgara eti
797,tutmaç
798,konserve garnitür
799,sıvı vanilya
800,ricotta
801,bitkisel jöle
802,içli köftelik bulgur
803,toz kişniş
804,tatlı toz biber
805,renkli granül şeker
806,tuzsuz lor peyniri
807,oyster sosu
808,mevsim yeşillikleri
809,haşlanmış fasulye
810,tavuk göğsü kıyması
811,yağsız dana kıyma
812,çikolata topları
813,dr. oetker minik kalpler
814,bal kabağı püresi
815,dr. oetker süsleme glazürü
816,toz kakao
817,eti puf
818,nescafe üçü bir arada
819,taze sarımsak
820,anne sütü
821,hazır kremalı tavuk çorbası
822,portakal aroması
823,somun ekmeği
824,ballı cornflakes
825,uskumru
826,hindi kuşbaşı
827,frambuaz reçeli
828,toz cheesecake karışımı
829,bıldırcın patlıcan
830,goji berry
831,bıldırcın yumurtası
832,konserve ton balığı
833,dondurulmuş vişne
834,turşuluk tuz
835,hazır kakaolu pandispanya
836,hindi pirzola
837,sarı haşhaş ezmesi
838,mezgit
839,günlük süt
840,barbekü sosu
841,burgu peynir
842,mor haşhaş
843,konserve fasulye
844,edirne peyniri
845,cennet meyvesi kabuğu tozu
846,kızılcık tarhanası
847,haşlanmış yeşil mercimek
848,tutmamış yoğurt
849,yağsız dana kuşbaşı
850,tere otu
851,pasta katkı maddesi
852,damla sakızlı kahve
853,peynir altı suyu
854,kamkat
855,ıstakoz kuyruğu
856,böğürtlenli jelibon
857,çikolatalı fıstık
858,frambuazlı draje
859,kalpli şekerlemeler
860,çedene
861,kepse baharatı
862,frambuazlı kuvertür çikolata
863,top şehriye
864,uykuluk
865,salamura asma yaprağı
866,biberli zeytin
867,mihaliç peyniri
868,içli köfte harcı
869,dr oetker kek karışımı
870,renkli pasta şekerleri
871,fındıklı top çikolata
872,sultani üzüm
873,yufka ekmek
874,limonlu soda
875,hazır muhallebi
876,chili biber
877,draje şekerler
878,yağsız süt
879,frambuaz aroması
880,light vanilyalı puding
881,fıstık draje
882,erzincan tulum peyniri
883,kavrulmuş susam
884,bitkisel susuz yağ
885,hindistan cevizi yağı
886,tatlı sivri biber
887,susam
888,tarçın
889,ceviz
890,tahin
891,yufka
892,maydanoz
893,yumurta
894,süt
895,şeker
896,margarin
897,vanilya
898,çikolata
899,pudra şekeri
900,un
901,yoğurt
902,tuz
903,kabartma tozu
904,kıyma
905,soğan
906,sarımsak
907,kakao
908,muz
909,patlıcan
910,biber
911,dana eti
912,salça
913,domates
914,ıspanak
915,kırmızı biber
916,bulgur
917,patates
918,tavuk suyu
919,havuç
920,karabiber
921,irmik
922,hindistan cevizi
923,nişasta
924,limon
925,pırasa
926,et
927,sıvı yağ
928,peynir
929,elma
930,su
931,sirke
932,süzme yoğurt
933,nane
934,kaşar peyniri
935,kimyon
936,haşhaş
937,krem şanti
938,pirinç
939,tereyağı
940,fıstık
941,pirinç unu
942,mısır unu
943,zeytinyağı
944,bisküvi
945,fındık
946,yeşil biber
947,kuş üzümü
948,kuru üzüm
949,makarna
950,bal
951,yaş maya
952,sucuk
953,mantar
954,zeytin
955,kekik
956,galeta unu
957,nohut
958,kayısı
959,biber salçası
960,domates salçası
961,marul
962,incir
963,kivi
964,pastırma
965,kabak
966,tost ekmeği
967,çilek
968,vişne
969,taze fasulye
970,kuru maya
971,kırmızı mercimek
972,limon tuzu
973,dereotu
974,kuru nane
975,hamsi
976,kadayıf
977,taze soğan
978,domates sosu
979,defne yaprağı
980,mayonez
981,asma yaprağı
982,arpacık soğan
983,buğday
984,kuru soğan
985,fesleğen
986,şehriye
987,kuru fasulye
988,karanfil
989,ekmek hamuru
990,nar ekşisi
991,reçel
992,kırmızı toz biber
993,ayva
994,sıvı krema
995,üzüm pekmezi
996,tulum peyniri
997,mor lahana
998,dana kuşbaşı
999,köy peyniri
1000,süzme peynir
1001,küp çökeleği
1002,dr oetker dark kakao
1003,kajun baharatı
1004,patlatmalık mısır
1005,yayık altı suyu
1006,konserve sebze
1007,dankek rulo pasta
1008,sütlü pirinçli kaşık maması
1009,tavşan eti
1010,altın otu
1011,lahana turşusu
1012,karadut şurubu
1013,damla sakızı aromalı sakız
1014,waffle bisküvi
1015,vanilyalı dr oetker creme ole
1016,tuzsuz dil peyniri
1017,yağsız dana eti
1018,dr oetker ekşi maya
1019,yağsız yoğurt
1020,tam buğdaylı esmer bisküvi
1021,at kuyruğu bitkisi
1022,bizim yağ margarin
1023,dana kontrfile
1024,portobello mantarı
1025,harissa sosu
1026,yuvarlak bisküvi
1027,fesleğen sosu
1028,çikolata harfleri
1029,deniz çuprası
1030,çıbrıka
1031,kaldirik otu
1032,poşet çay
1033,böbrek
1034,chia tohumu
1035,hünnap
1036,ejder meyvesi
1037,kuşburnu çayı
1038,kalkan balığı
1039,açlık otu
1040,kudret narı
1041,malta eriği
1042,akçaağaç şurubu
1043,civanperçemi
1044,basmati pirinç
1045,istiridye
1046,beyaz sirke
1047,şerbetçi otu
1048,kadife çiçeği
1049,kuşburnu pekmezi
1050,bitki çayı
1051,beyaz leblebi
1052,grissini
1053,havlıcan
1054,kahve telvesi
1055,küflü peynir
1056,matcha çayı
1057,reishi mantarı
1058,akya balığı
1059,limonlu su
1060,beyaz kinoa
1061,hatmi çiçeği
1062,tarhana otu
1063,form çayı
1064,gouda peyniri
1065,granola
1066,soya proteini
1067,greyfurt yağı
1068,sarımsak yağı
1069,ayva çekirdeği
1070,çöven otu
1071,edam peyniri
1072,yıldız meyvesi
1073,dana pirzola
1074,yoğunlaştırılmış süt
1075,hindi füme
1076,papatya
1077,steak et
1078,bebek tarhanası
1079,acı badem aroması
1080,kırmızı jöle
1081,agave şurubu
1082,hazır domates çorbası
1083,bitkisel süt
1084,Hayrabolu tatlısı
1085,vita yağ
1086,osmanlı kahvesi
1087,keçiboynuzu özü
1088,içyağı
1089,quark peyniri
1090,fırın makarna
1091,noodle
1092,lotus bisküvi
1093,lotus biscoff
1094,hibiskus
1095,eritme peynir
1096,vegan pizza peyniri
1097,cranberry
1098,orman meyveleri
1099,gochujang
1100,torku banada
1101,pizza unu
1102,bebek irmiği
1103,stevia
1104,amasya elması
1105,kolot peyniri
1106,demirhindi
1107,gebre otu
1108,Kendir Tohumu
1109,yedibahar
1110,siron yufkası
1111,doritos nacho
1112,doritos taco
1113,karamel küpleri
1114,haşlanmış bal kabağı
1115,sürülebilir çikolata
1116,dövülmüş fındık
1117,kemiksiz tavuk but
1118,emmental peyniri
1119,linguine makarna
1120,top peynir
1121,damla sakızlı puding
1122,latte
1123,hazır waffle
1124,bardak
1125,horoz mantarı
1126,kızılbacak otu
1127,mukaşşer
1128,ranch sos